記号,説明,樹脂,,,,複合,,,,アルミ,,,,ガラス,,,
,,Ufg,Ufgs(明色BL),ηfg,ηfgs(明色BL),Ufg,Ufgs(明色BL),ηfg,ηfgs(明色BL),Ufg,Ufgs(明色BL),ηfg,ηfgs(明色BL),Ug,Ugs(明色BL),ηg,ηgs(明色BL)
3WgG06,三層ガラス（Lowε2枚、断熱ガス、日射取得型、空気層6mm）,2,1.8,0.39,0.3,2.3,2.1,0.43,0.33,2.7,2.4,0.43,0.33,1.4,1.3,0.54,0.41
3WgG07,三層ガラス（Lowε2枚、断熱ガス、日射取得型、空気層7mm）,1.9,1.7,0.39,0.3,2.2,2,0.43,0.33,2.6,2.3,0.43,0.33,1.3,1.2,0.54,0.41
3WgG08,三層ガラス（Lowε2枚、断熱ガス、日射取得型、空気層8mm）,1.8,1.7,0.39,0.3,2.1,1.9,0.43,0.33,2.5,2.2,0.43,0.33,1.2,1.1,0.54,0.41
3WgG09,三層ガラス（Lowε2枚、断熱ガス、日射取得型、空気層9mm）,1.7,1.6,0.39,0.3,2.1,1.9,0.43,0.33,2.4,2.2,0.43,0.33,1.1,1,0.54,0.41
3WgG10,三層ガラス（Lowε2枚、断熱ガス、日射取得型、空気層10mm）,1.7,1.6,0.39,0.3,2,1.8,0.43,0.33,2.3,2.1,0.43,0.33,1,0.96,0.54,0.41
3WgG11,三層ガラス（Lowε2枚、断熱ガス、日射取得型、空気層11mm）,1.7,1.5,0.39,0.3,2,1.8,0.43,0.33,2.3,2.1,0.43,0.33,0.95,0.91,0.54,0.41
3WgG12,三層ガラス（Lowε2枚、断熱ガス、日射取得型、空気層12mm）,1.6,1.5,0.39,0.3,1.9,1.8,0.43,0.33,2.3,2,0.43,0.33,0.9,0.86,0.54,0.41
3WgG13,三層ガラス（Lowε2枚、断熱ガス、日射取得型、空気層13mm）,1.6,1.5,0.39,0.3,1.9,1.7,0.43,0.33,2.2,2,0.43,0.33,0.86,0.83,0.54,0.41
3WgG14,三層ガラス（Lowε2枚、断熱ガス、日射取得型、空気層14mm）,1.6,1.5,0.39,0.3,1.9,1.7,0.43,0.33,2.2,2,0.43,0.33,0.82,0.79,0.54,0.41
3WgG15,三層ガラス（Lowε2枚、断熱ガス、日射取得型、空気層15mm）,1.6,1.4,0.39,0.3,1.8,1.7,0.43,0.33,2.2,2,0.43,0.33,0.79,0.76,0.54,0.41
3WgG16,三層ガラス（Lowε2枚、断熱ガス、日射取得型、空気層16mm）,1.5,1.4,0.39,0.3,1.8,1.7,0.43,0.33,2.2,1.9,0.43,0.33,0.76,0.73,0.54,0.41
3WsG06,三層ガラス（Lowε2枚、断熱ガス、日射遮蔽型、空気層6mm）,2,1.8,0.24,0.19,2.3,2.1,0.26,0.21,2.7,2.4,0.26,0.21,1.4,1.3,0.33,0.26
3WsG07,三層ガラス（Lowε2枚、断熱ガス、日射遮蔽型、空気層7mm）,1.9,1.7,0.24,0.19,2.2,2,0.26,0.21,2.6,2.3,0.26,0.21,1.3,1.2,0.33,0.26
3WsG08,三層ガラス（Lowε2枚、断熱ガス、日射遮蔽型、空気層8mm）,1.8,1.7,0.24,0.19,2.1,1.9,0.26,0.21,2.5,2.2,0.26,0.21,1.2,1.1,0.33,0.26
3WsG09,三層ガラス（Lowε2枚、断熱ガス、日射遮蔽型、空気層9mm）,1.7,1.6,0.24,0.19,2.1,1.9,0.26,0.21,2.4,2.2,0.26,0.21,1.1,1,0.33,0.26
3WsG10,三層ガラス（Lowε2枚、断熱ガス、日射遮蔽型、空気層10mm）,1.7,1.6,0.24,0.19,2,1.8,0.26,0.21,2.3,2.1,0.26,0.21,1,0.96,0.33,0.26
3WsG11,三層ガラス（Lowε2枚、断熱ガス、日射遮蔽型、空気層11mm）,1.7,1.5,0.24,0.19,2,1.8,0.26,0.21,2.3,2.1,0.26,0.21,0.95,0.91,0.33,0.26
3WsG12,三層ガラス（Lowε2枚、断熱ガス、日射遮蔽型、空気層12mm）,1.6,1.5,0.24,0.19,1.9,1.8,0.26,0.21,2.3,2,0.26,0.21,0.9,0.86,0.33,0.26
3WsG13,三層ガラス（Lowε2枚、断熱ガス、日射遮蔽型、空気層13mm）,1.6,1.5,0.24,0.19,1.9,1.7,0.26,0.21,2.2,2,0.26,0.21,0.86,0.83,0.33,0.26
3WsG14,三層ガラス（Lowε2枚、断熱ガス、日射遮蔽型、空気層14mm）,1.6,1.5,0.24,0.19,1.9,1.7,0.26,0.21,2.2,2,0.26,0.21,0.82,0.79,0.33,0.26
3WsG15,三層ガラス（Lowε2枚、断熱ガス、日射遮蔽型、空気層15mm）,1.6,1.4,0.24,0.19,1.8,1.7,0.26,0.21,2.2,2,0.26,0.21,0.79,0.76,0.33,0.26
3WsG16,三層ガラス（Lowε2枚、断熱ガス、日射遮蔽型、空気層16mm）,1.5,1.4,0.24,0.19,1.8,1.7,0.26,0.21,2.2,1.9,0.26,0.21,0.76,0.73,0.33,0.26
3WgA06,三層ガラス（Lowε2枚、乾燥空気、日射取得型、空気層6mm）,2.2,2,0.39,0.3,2.5,2.3,0.43,0.33,2.9,2.6,0.43,0.33,1.7,1.6,0.54,0.41
3WgA07,三層ガラス（Lowε2枚、乾燥空気、日射取得型、空気層7mm）,2.1,1.9,0.39,0.3,2.4,2.2,0.43,0.33,2.8,2.5,0.43,0.33,1.5,1.5,0.54,0.41
3WgA08,三層ガラス（Lowε2枚、乾燥空気、日射取得型、空気層8mm）,2,1.8,0.39,0.3,2.3,2.1,0.43,0.33,2.7,2.4,0.43,0.33,1.4,1.3,0.54,0.41
3WgA09,三層ガラス（Lowε2枚、乾燥空気、日射取得型、空気層9mm）,1.9,1.8,0.39,0.3,2.2,2.1,0.43,0.33,2.6,2.4,0.43,0.33,1.3,1.2,0.54,0.41
3WgA10,三層ガラス（Lowε2枚、乾燥空気、日射取得型、空気層10mm）,1.9,1.7,0.39,0.3,2.2,2,0.43,0.33,2.5,2.3,0.43,0.33,1.2,1.2,0.54,0.41
3WgA11,三層ガラス（Lowε2枚、乾燥空気、日射取得型、空気層11mm）,1.8,1.7,0.39,0.3,2.1,1.9,0.43,0.33,2.5,2.2,0.43,0.33,1.2,1.1,0.54,0.41
3WgA12,三層ガラス（Lowε2枚、乾燥空気、日射取得型、空気層12mm）,1.8,1.6,0.39,0.3,2.1,1.9,0.43,0.33,2.4,2.2,0.43,0.33,1.1,1,0.54,0.41
3WgA13,三層ガラス（Lowε2枚、乾燥空気、日射取得型、空気層13mm）,1.7,1.6,0.39,0.3,2,1.9,0.43,0.33,2.4,2.2,0.43,0.33,1,1,0.54,0.41
3WgA14,三層ガラス（Lowε2枚、乾燥空気、日射取得型、空気層14mm）,1.7,1.6,0.39,0.3,2,1.8,0.43,0.33,2.3,2.1,0.43,0.33,0.99,0.95,0.54,0.41
3WgA15,三層ガラス（Lowε2枚、乾燥空気、日射取得型、空気層15mm）,1.7,1.5,0.39,0.3,2,1.8,0.43,0.33,2.3,2.1,0.43,0.33,0.95,0.91,0.54,0.41
3WgA16,三層ガラス（Lowε2枚、乾燥空気、日射取得型、空気層16mm）,1.6,1.5,0.39,0.3,1.9,1.8,0.43,0.33,2.3,2.1,0.43,0.33,0.92,0.88,0.54,0.41
3WsA06,三層ガラス（Lowε2枚、乾燥空気、日射遮蔽型、空気層6mm）,2.2,2,0.24,0.19,2.5,2.3,0.26,0.21,2.9,2.6,0.26,0.21,1.7,1.6,0.33,0.26
3WsA07,三層ガラス（Lowε2枚、乾燥空気、日射遮蔽型、空気層7mm）,2.1,1.9,0.24,0.19,2.4,2.2,0.26,0.21,2.8,2.5,0.26,0.21,1.5,1.5,0.33,0.26
3WsA08,三層ガラス（Lowε2枚、乾燥空気、日射遮蔽型、空気層8mm）,2,1.8,0.24,0.19,2.3,2.1,0.26,0.21,2.7,2.4,0.26,0.21,1.4,1.3,0.33,0.26
3WsA09,三層ガラス（Lowε2枚、乾燥空気、日射遮蔽型、空気層9mm）,1.9,1.8,0.24,0.19,2.2,2.1,0.26,0.21,2.6,2.4,0.26,0.21,1.3,1.2,0.33,0.26
3WsA10,三層ガラス（Lowε2枚、乾燥空気、日射遮蔽型、空気層10mm）,1.9,1.7,0.24,0.19,2.2,2,0.26,0.21,2.5,2.3,0.26,0.21,1.2,1.2,0.33,0.26
3WsA11,三層ガラス（Lowε2枚、乾燥空気、日射遮蔽型、空気層11mm）,1.8,1.7,0.24,0.19,2.1,1.9,0.26,0.21,2.5,2.2,0.26,0.21,1.2,1.1,0.33,0.26
3WsA12,三層ガラス（Lowε2枚、乾燥空気、日射遮蔽型、空気層12mm）,1.8,1.6,0.24,0.19,2.1,1.9,0.26,0.21,2.4,2.2,0.26,0.21,1.1,1,0.33,0.26
3WsA13,三層ガラス（Lowε2枚、乾燥空気、日射遮蔽型、空気層13mm）,1.7,1.6,0.24,0.19,2,1.9,0.26,0.21,2.4,2.2,0.26,0.21,1,1,0.33,0.26
3WsA14,三層ガラス（Lowε2枚、乾燥空気、日射遮蔽型、空気層14mm）,1.7,1.6,0.24,0.19,2,1.8,0.26,0.21,2.3,2.1,0.26,0.21,0.99,0.95,0.33,0.26
3WsA15,三層ガラス（Lowε2枚、乾燥空気、日射遮蔽型、空気層15mm）,1.7,1.5,0.24,0.19,2,1.8,0.26,0.21,2.3,2.1,0.26,0.21,0.95,0.91,0.33,0.26
3WsA16,三層ガラス（Lowε2枚、乾燥空気、日射遮蔽型、空気層16mm）,1.6,1.5,0.24,0.19,1.9,1.8,0.26,0.21,2.3,2.1,0.26,0.21,0.92,0.88,0.33,0.26
3LgG06,三層ガラス（Lowε1枚、断熱ガス、日射取得型、空気層6mm）,2.1,2,0.42,0.32,2.5,2.3,0.47,0.35,2.9,2.6,0.47,0.35,1.7,1.6,0.59,0.44
3LgG07,三層ガラス（Lowε1枚、断熱ガス、日射取得型、空気層7mm）,2.1,1.9,0.42,0.32,2.4,2.2,0.47,0.35,2.8,2.5,0.47,0.35,1.6,1.5,0.59,0.44
3LgG08,三層ガラス（Lowε1枚、断熱ガス、日射取得型、空気層8mm）,2,1.9,0.42,0.32,2.4,2.2,0.47,0.35,2.7,2.5,0.47,0.35,1.5,1.4,0.59,0.44
3LgG09,三層ガラス（Lowε1枚、断熱ガス、日射取得型、空気層9mm）,1.9,1.8,0.42,0.32,2.3,2.1,0.47,0.35,2.6,2.4,0.47,0.35,1.4,1.3,0.59,0.44
3LgG10,三層ガラス（Lowε1枚、断熱ガス、日射取得型、空気層10mm）,1.9,1.8,0.42,0.32,2.2,2.1,0.47,0.35,2.6,2.4,0.47,0.35,1.3,1.2,0.59,0.44
3LgG11,三層ガラス（Lowε1枚、断熱ガス、日射取得型、空気層11mm）,1.9,1.7,0.42,0.32,2.2,2,0.47,0.35,2.5,2.3,0.47,0.35,1.3,1.2,0.59,0.44
3LgG12,三層ガラス（Lowε1枚、断熱ガス、日射取得型、空気層12mm）,1.8,1.7,0.42,0.32,2.2,2,0.47,0.35,2.5,2.3,0.47,0.35,1.2,1.1,0.59,0.44
3LgG13,三層ガラス（Lowε1枚、断熱ガス、日射取得型、空気層13mm）,1.8,1.7,0.42,0.32,2.1,2,0.47,0.35,2.5,2.2,0.47,0.35,1.2,1.1,0.59,0.44
3LgG14,三層ガラス（Lowε1枚、断熱ガス、日射取得型、空気層14mm）,1.8,1.7,0.42,0.32,2.1,1.9,0.47,0.35,2.4,2.2,0.47,0.35,1.1,1.1,0.59,0.44
3LgG15,三層ガラス（Lowε1枚、断熱ガス、日射取得型、空気層15mm）,1.8,1.6,0.42,0.32,2.1,1.9,0.47,0.35,2.4,2.2,0.47,0.35,1.1,1,0.59,0.44
3LgG16,三層ガラス（Lowε1枚、断熱ガス、日射取得型、空気層16mm）,1.7,1.6,0.42,0.32,2.1,1.9,0.47,0.35,2.4,2.2,0.47,0.35,1.1,1,0.59,0.44
3LsG06,三層ガラス（Lowε1枚、断熱ガス、日射遮蔽型、空気層6mm）,2.1,2,0.27,0.21,2.5,2.3,0.3,0.23,2.9,2.6,0.3,0.23,1.7,1.6,0.37,0.29
3LsG07,三層ガラス（Lowε1枚、断熱ガス、日射遮蔽型、空気層7mm）,2.1,1.9,0.27,0.21,2.4,2.2,0.3,0.23,2.8,2.5,0.3,0.23,1.6,1.5,0.37,0.29
3LsG08,三層ガラス（Lowε1枚、断熱ガス、日射遮蔽型、空気層8mm）,2,1.9,0.27,0.21,2.4,2.2,0.3,0.23,2.7,2.5,0.3,0.23,1.5,1.4,0.37,0.29
3LsG09,三層ガラス（Lowε1枚、断熱ガス、日射遮蔽型、空気層9mm）,1.9,1.8,0.27,0.21,2.3,2.1,0.3,0.23,2.6,2.4,0.3,0.23,1.4,1.3,0.37,0.29
3LsG10,三層ガラス（Lowε1枚、断熱ガス、日射遮蔽型、空気層10mm）,1.9,1.8,0.27,0.21,2.2,2.1,0.3,0.23,2.6,2.4,0.3,0.23,1.3,1.2,0.37,0.29
3LsG11,三層ガラス（Lowε1枚、断熱ガス、日射遮蔽型、空気層11mm）,1.9,1.7,0.27,0.21,2.2,2,0.3,0.23,2.5,2.3,0.3,0.23,1.3,1.2,0.37,0.29
3LsG12,三層ガラス（Lowε1枚、断熱ガス、日射遮蔽型、空気層12mm）,1.8,1.7,0.27,0.21,2.2,2,0.3,0.23,2.5,2.3,0.3,0.23,1.2,1.1,0.37,0.29
3LsG13,三層ガラス（Lowε1枚、断熱ガス、日射遮蔽型、空気層13mm）,1.8,1.7,0.27,0.21,2.1,2,0.3,0.23,2.5,2.2,0.3,0.23,1.2,1.1,0.37,0.29
3LsG14,三層ガラス（Lowε1枚、断熱ガス、日射遮蔽型、空気層14mm）,1.8,1.7,0.27,0.21,2.1,1.9,0.3,0.23,2.4,2.2,0.3,0.23,1.1,1.1,0.37,0.29
3LsG15,三層ガラス（Lowε1枚、断熱ガス、日射遮蔽型、空気層15mm）,1.8,1.6,0.27,0.21,2.1,1.9,0.3,0.23,2.4,2.2,0.3,0.23,1.1,1,0.37,0.29
3LsG16,三層ガラス（Lowε1枚、断熱ガス、日射遮蔽型、空気層16mm）,1.7,1.6,0.27,0.21,2.1,1.9,0.3,0.23,2.4,2.2,0.3,0.23,1.1,1,0.37,0.29
3LgA06,三層ガラス（Lowε1枚、乾燥空気、日射取得型、空気層6mm）,2.3,2.2,0.42,0.32,2.8,2.5,0.47,0.35,3.1,2.8,0.47,0.35,2,1.8,0.59,0.44
3LgA07,三層ガラス（Lowε1枚、乾燥空気、日射取得型、空気層7mm）,2.2,2.1,0.42,0.32,2.6,2.4,0.47,0.35,3,2.7,0.47,0.35,1.8,1.7,0.59,0.44
3LgA08,三層ガラス（Lowε1枚、乾燥空気、日射取得型、空気層8mm）,2.2,2,0.42,0.32,2.6,2.3,0.47,0.35,2.9,2.6,0.47,0.35,1.7,1.6,0.59,0.44
3LgA09,三層ガラス（Lowε1枚、乾燥空気、日射取得型、空気層9mm）,2.1,2,0.42,0.32,2.5,2.3,0.47,0.35,2.8,2.6,0.47,0.35,1.6,1.5,0.59,0.44
3LgA10,三層ガラス（Lowε1枚、乾燥空気、日射取得型、空気層10mm）,2.1,1.9,0.42,0.32,2.4,2.2,0.47,0.35,2.8,2.5,0.47,0.35,1.5,1.5,0.59,0.44
3LgA11,三層ガラス（Lowε1枚、乾燥空気、日射取得型、空気層11mm）,2,1.9,0.42,0.32,2.4,2.2,0.47,0.35,2.7,2.5,0.47,0.35,1.5,1.4,0.59,0.44
3LgA12,三層ガラス（Lowε1枚、乾燥空気、日射取得型、空気層12mm）,2,1.8,0.42,0.32,2.3,2.1,0.47,0.35,2.7,2.4,0.47,0.35,1.4,1.3,0.59,0.44
3LgA13,三層ガラス（Lowε1枚、乾燥空気、日射取得型、空気層13mm）,1.9,1.8,0.42,0.32,2.3,2.1,0.47,0.35,2.6,2.4,0.47,0.35,1.3,1.3,0.59,0.44
3LgA14,三層ガラス（Lowε1枚、乾燥空気、日射取得型、空気層14mm）,1.9,1.8,0.42,0.32,2.2,2.1,0.47,0.35,2.6,2.3,0.47,0.35,1.3,1.2,0.59,0.44
3LgA15,三層ガラス（Lowε1枚、乾燥空気、日射取得型、空気層15mm）,1.9,1.7,0.42,0.32,2.2,2,0.47,0.35,2.6,2.3,0.47,0.35,1.3,1.2,0.59,0.44
3LgA16,三層ガラス（Lowε1枚、乾燥空気、日射取得型、空気層16mm）,1.8,1.7,0.42,0.32,2.2,2,0.47,0.35,2.5,2.3,0.47,0.35,1.2,1.2,0.59,0.44
3LsA06,三層ガラス（Lowε1枚、乾燥空気、日射遮蔽型、空気層6mm）,2.3,2.2,0.27,0.21,2.8,2.5,0.3,0.23,3.1,2.8,0.3,0.23,2,1.8,0.37,0.29
3LsA07,三層ガラス（Lowε1枚、乾燥空気、日射遮蔽型、空気層7mm）,2.2,2.1,0.27,0.21,2.6,2.4,0.3,0.23,3,2.7,0.3,0.23,1.8,1.7,0.37,0.29
3LsA08,三層ガラス（Lowε1枚、乾燥空気、日射遮蔽型、空気層8mm）,2.2,2,0.27,0.21,2.6,2.3,0.3,0.23,2.9,2.6,0.3,0.23,1.7,1.6,0.37,0.29
3LsA09,三層ガラス（Lowε1枚、乾燥空気、日射遮蔽型、空気層9mm）,2.1,2,0.27,0.21,2.5,2.3,0.3,0.23,2.8,2.6,0.3,0.23,1.6,1.5,0.37,0.29
3LsA10,三層ガラス（Lowε1枚、乾燥空気、日射遮蔽型、空気層10mm）,2.1,1.9,0.27,0.21,2.4,2.2,0.3,0.23,2.8,2.5,0.3,0.23,1.5,1.5,0.37,0.29
3LsA11,三層ガラス（Lowε1枚、乾燥空気、日射遮蔽型、空気層11mm）,2,1.9,0.27,0.21,2.4,2.2,0.3,0.23,2.7,2.5,0.3,0.23,1.5,1.4,0.37,0.29
3LsA12,三層ガラス（Lowε1枚、乾燥空気、日射遮蔽型、空気層12mm）,2,1.8,0.27,0.21,2.3,2.1,0.3,0.23,2.7,2.4,0.3,0.23,1.4,1.3,0.37,0.29
3LsA13,三層ガラス（Lowε1枚、乾燥空気、日射遮蔽型、空気層13mm）,1.9,1.8,0.27,0.21,2.3,2.1,0.3,0.23,2.6,2.4,0.3,0.23,1.3,1.3,0.37,0.29
3LsA14,三層ガラス（Lowε1枚、乾燥空気、日射遮蔽型、空気層14mm）,1.9,1.8,0.27,0.21,2.2,2.1,0.3,0.23,2.6,2.3,0.3,0.23,1.3,1.2,0.37,0.29
3LsA15,三層ガラス（Lowε1枚、乾燥空気、日射遮蔽型、空気層15mm）,1.9,1.7,0.27,0.21,2.2,2,0.3,0.23,2.6,2.3,0.3,0.23,1.3,1.2,0.37,0.29
3LsA16,三層ガラス（Lowε1枚、乾燥空気、日射遮蔽型、空気層16mm）,1.8,1.7,0.27,0.21,2.2,2,0.3,0.23,2.5,2.3,0.3,0.23,1.2,1.2,0.37,0.29
3FA06,三層ガラス（Lowεなし、空気層6mm）,2.5,2.3,0.52,0.38,3,2.7,0.58,0.42,3.3,3,0.58,0.42,2.3,2.2,0.72,0.53
3FA07,三層ガラス（Lowεなし、空気層7mm）,2.4,2.3,0.52,0.38,2.9,2.6,0.58,0.42,3.2,2.9,0.58,0.42,2.2,2.1,0.72,0.53
3FA08,三層ガラス（Lowεなし、空気層8mm）,2.4,2.2,0.52,0.38,2.8,2.6,0.58,0.42,3.2,2.9,0.58,0.42,2.1,2,0.72,0.53
3FA09,三層ガラス（Lowεなし、空気層9mm）,2.3,2.2,0.52,0.38,2.8,2.5,0.58,0.42,3.1,2.8,0.58,0.42,2.1,1.9,0.72,0.53
3FA10,三層ガラス（Lowεなし、空気層10mm）,2.3,2.1,0.52,0.38,2.7,2.5,0.58,0.42,3.1,2.8,0.58,0.42,2,1.9,0.72,0.53
3FA11,三層ガラス（Lowεなし、空気層11mm）,2.3,2.1,0.52,0.38,2.7,2.5,0.58,0.42,3,2.7,0.58,0.42,2,1.8,0.72,0.53
3FA12,三層ガラス（Lowεなし、空気層12mm）,2.2,2.1,0.52,0.38,2.6,2.4,0.58,0.42,3,2.7,0.58,0.42,1.9,1.8,0.72,0.53
3FA13,三層ガラス（Lowεなし、空気層13mm）,2.2,2.1,0.52,0.38,2.6,2.4,0.58,0.42,3,2.7,0.58,0.42,1.9,1.8,0.72,0.53
3FA14,三層ガラス（Lowεなし、空気層14mm）,2.2,2,0.52,0.38,2.6,2.4,0.58,0.42,2.9,2.7,0.58,0.42,1.8,1.7,0.72,0.53
3FA15,三層ガラス（Lowεなし、空気層15mm）,2.2,2,0.52,0.38,2.6,2.4,0.58,0.42,2.9,2.6,0.58,0.42,1.8,1.7,0.72,0.53
3FA16,三層ガラス（Lowεなし、空気層16mm）,2.2,2,0.52,0.38,2.6,2.3,0.58,0.42,2.9,2.6,0.58,0.42,1.8,1.7,0.72,0.53
2LgG06,二層ガラス（Lowε1枚、断熱ガス、日射取得型、空気層6mm）,2.5,2.3,0.46,0.34,3,2.7,0.51,0.38,3.3,3,0.51,0.38,2.2,2.1,0.64,0.47
2LgG07,二層ガラス（Lowε1枚、断熱ガス、日射取得型、空気層7mm）,2.4,2.2,0.46,0.34,2.8,2.6,0.51,0.38,3.2,2.9,0.51,0.38,2.1,1.9,0.64,0.47
2LgG08,二層ガラス（Lowε1枚、断熱ガス、日射取得型、空気層8mm）,2.3,2.1,0.46,0.34,2.7,2.5,0.51,0.38,3.1,2.8,0.51,0.38,1.9,1.8,0.64,0.47
2LgG09,二層ガラス（Lowε1枚、断熱ガス、日射取得型、空気層9mm）,2.2,2.1,0.46,0.34,2.6,2.4,0.51,0.38,3,2.7,0.51,0.38,1.8,1.7,0.64,0.47
2LgG10,二層ガラス（Lowε1枚、断熱ガス、日射取得型、空気層10mm）,2.2,2,0.46,0.34,2.6,2.3,0.51,0.38,2.9,2.7,0.51,0.38,1.7,1.6,0.64,0.47
2LgG11,二層ガラス（Lowε1枚、断熱ガス、日射取得型、空気層11mm）,2.1,2,0.46,0.34,2.5,2.3,0.51,0.38,2.9,2.6,0.51,0.38,1.6,1.5,0.64,0.47
2LgG12,二層ガラス（Lowε1枚、断熱ガス、日射取得型、空気層12mm）,2.1,1.9,0.46,0.34,2.4,2.2,0.51,0.38,2.8,2.5,0.51,0.38,1.6,1.5,0.64,0.47
2LgG13,二層ガラス（Lowε1枚、断熱ガス、日射取得型、空気層13mm）,2,1.9,0.46,0.34,2.4,2.2,0.51,0.38,2.7,2.5,0.51,0.38,1.5,1.4,0.64,0.47
2LgG14,二層ガラス（Lowε1枚、断熱ガス、日射取得型、空気層14mm）,2,1.9,0.46,0.34,2.3,2.2,0.51,0.38,2.7,2.5,0.51,0.38,1.4,1.4,0.64,0.47
2LgG15,二層ガラス（Lowε1枚、断熱ガス、日射取得型、空気層15mm）,2,1.8,0.46,0.34,2.3,2.1,0.51,0.38,2.7,2.4,0.51,0.38,1.4,1.3,0.64,0.47
2LgG16,二層ガラス（Lowε1枚、断熱ガス、日射取得型、空気層16mm）,2,1.8,0.46,0.34,2.3,2.1,0.51,0.38,2.7,2.4,0.51,0.38,1.4,1.3,0.64,0.47
2LsG06,二層ガラス（Lowε1枚、断熱ガス、日射遮蔽型、空気層6mm）,2.5,2.3,0.29,0.22,3,2.7,0.32,0.25,3.3,3,0.32,0.25,2.2,2.1,0.4,0.31
2LsG07,二層ガラス（Lowε1枚、断熱ガス、日射遮蔽型、空気層7mm）,2.4,2.2,0.29,0.22,2.8,2.6,0.32,0.25,3.2,2.9,0.32,0.25,2.1,1.9,0.4,0.31
2LsG08,二層ガラス（Lowε1枚、断熱ガス、日射遮蔽型、空気層8mm）,2.3,2.1,0.29,0.22,2.7,2.5,0.32,0.25,3.1,2.8,0.32,0.25,1.9,1.8,0.4,0.31
2LsG09,二層ガラス（Lowε1枚、断熱ガス、日射遮蔽型、空気層9mm）,2.2,2.1,0.29,0.22,2.6,2.4,0.32,0.25,3,2.7,0.32,0.25,1.8,1.7,0.4,0.31
2LsG10,二層ガラス（Lowε1枚、断熱ガス、日射遮蔽型、空気層10mm）,2.2,2,0.29,0.22,2.6,2.3,0.32,0.25,2.9,2.7,0.32,0.25,1.7,1.6,0.4,0.31
2LsG11,二層ガラス（Lowε1枚、断熱ガス、日射遮蔽型、空気層11mm）,2.1,2,0.29,0.22,2.5,2.3,0.32,0.25,2.9,2.6,0.32,0.25,1.6,1.5,0.4,0.31
2LsG12,二層ガラス（Lowε1枚、断熱ガス、日射遮蔽型、空気層12mm）,2.1,1.9,0.29,0.22,2.4,2.2,0.32,0.25,2.8,2.5,0.32,0.25,1.6,1.5,0.4,0.31
2LsG13,二層ガラス（Lowε1枚、断熱ガス、日射遮蔽型、空気層13mm）,2,1.9,0.29,0.22,2.4,2.2,0.32,0.25,2.7,2.5,0.32,0.25,1.5,1.4,0.4,0.31
2LsG14,二層ガラス（Lowε1枚、断熱ガス、日射遮蔽型、空気層14mm）,2,1.9,0.29,0.22,2.3,2.2,0.32,0.25,2.7,2.5,0.32,0.25,1.4,1.4,0.4,0.31
2LsG15,二層ガラス（Lowε1枚、断熱ガス、日射遮蔽型、空気層15mm）,2,1.8,0.29,0.22,2.3,2.1,0.32,0.25,2.7,2.4,0.32,0.25,1.4,1.3,0.4,0.31
2LsG16,二層ガラス（Lowε1枚、断熱ガス、日射遮蔽型、空気層16mm）,2,1.8,0.29,0.22,2.3,2.1,0.32,0.25,2.7,2.4,0.32,0.25,1.4,1.3,0.4,0.31
2LgA06,二層ガラス（Lowε1枚、乾燥空気、日射取得型、空気層6mm）,2.8,2.6,0.46,0.34,3.3,3,0.51,0.38,3.7,3.3,0.51,0.38,2.6,2.4,0.64,0.47
2LgA07,二層ガラス（Lowε1枚、乾燥空気、日射取得型、空気層7mm）,2.7,2.5,0.46,0.34,3.1,2.8,0.51,0.38,3.5,3.2,0.51,0.38,2.4,2.3,0.64,0.47
2LgA08,二層ガラス（Lowε1枚、乾燥空気、日射取得型、空気層8mm）,2.5,2.4,0.46,0.34,3,2.7,0.51,0.38,3.4,3,0.51,0.38,2.3,2.1,0.64,0.47
2LgA09,二層ガラス（Lowε1枚、乾燥空気、日射取得型、空気層9mm）,2.5,2.3,0.46,0.34,2.9,2.6,0.51,0.38,3.3,3,0.51,0.38,2.1,2,0.64,0.47
2LgA10,二層ガラス（Lowε1枚、乾燥空気、日射取得型、空気層10mm）,2.4,2.2,0.46,0.34,2.8,2.6,0.51,0.38,3.2,2.9,0.51,0.38,2,1.9,0.64,0.47
2LgA11,二層ガラス（Lowε1枚、乾燥空気、日射取得型、空気層11mm）,2.3,2.1,0.46,0.34,2.7,2.5,0.51,0.38,3.1,2.8,0.51,0.38,1.9,1.8,0.64,0.47
2LgA12,二層ガラス（Lowε1枚、乾燥空気、日射取得型、空気層12mm）,2.3,2.1,0.46,0.34,2.7,2.4,0.51,0.38,3,2.7,0.51,0.38,1.8,1.7,0.64,0.47
2LgA13,二層ガラス（Lowε1枚、乾燥空気、日射取得型、空気層13mm）,2.2,2.1,0.46,0.34,2.6,2.4,0.51,0.38,3,2.7,0.51,0.38,1.8,1.7,0.64,0.47
2LgA14,二層ガラス（Lowε1枚、乾燥空気、日射取得型、空気層14mm）,2.2,2,0.46,0.34,2.5,2.3,0.51,0.38,2.9,2.6,0.51,0.38,1.7,1.6,0.64,0.47
2LgA15,二層ガラス（Lowε1枚、乾燥空気、日射取得型、空気層15mm）,2.1,2,0.46,0.34,2.5,2.3,0.51,0.38,2.9,2.6,0.51,0.38,1.6,1.6,0.64,0.47
2LgA16,二層ガラス（Lowε1枚、乾燥空気、日射取得型、空気層16mm）,2.1,2,0.46,0.34,2.5,2.3,0.51,0.38,2.8,2.6,0.51,0.38,1.6,1.5,0.64,0.47
2LsA06,二層ガラス（Lowε1枚、乾燥空気、日射遮蔽型、空気層6mm）,2.8,2.6,0.29,0.22,3.3,3,0.32,0.25,3.7,3.3,0.32,0.25,2.6,2.4,0.4,0.31
2LsA07,二層ガラス（Lowε1枚、乾燥空気、日射遮蔽型、空気層7mm）,2.7,2.5,0.29,0.22,3.1,2.8,0.32,0.25,3.5,3.2,0.32,0.25,2.4,2.3,0.4,0.31
2LsA08,二層ガラス（Lowε1枚、乾燥空気、日射遮蔽型、空気層8mm）,2.5,2.4,0.29,0.22,3,2.7,0.32,0.25,3.4,3,0.32,0.25,2.3,2.1,0.4,0.31
2LsA09,二層ガラス（Lowε1枚、乾燥空気、日射遮蔽型、空気層9mm）,2.5,2.3,0.29,0.22,2.9,2.6,0.32,0.25,3.3,3,0.32,0.25,2.1,2,0.4,0.31
2LsA10,二層ガラス（Lowε1枚、乾燥空気、日射遮蔽型、空気層10mm）,2.4,2.2,0.29,0.22,2.8,2.6,0.32,0.25,3.2,2.9,0.32,0.25,2,1.9,0.4,0.31
2LsA11,二層ガラス（Lowε1枚、乾燥空気、日射遮蔽型、空気層11mm）,2.3,2.1,0.29,0.22,2.7,2.5,0.32,0.25,3.1,2.8,0.32,0.25,1.9,1.8,0.4,0.31
2LsA12,二層ガラス（Lowε1枚、乾燥空気、日射遮蔽型、空気層12mm）,2.3,2.1,0.29,0.22,2.7,2.4,0.32,0.25,3,2.7,0.32,0.25,1.8,1.7,0.4,0.31
2LsA13,二層ガラス（Lowε1枚、乾燥空気、日射遮蔽型、空気層13mm）,2.2,2.1,0.29,0.22,2.6,2.4,0.32,0.25,3,2.7,0.32,0.25,1.8,1.7,0.4,0.31
2LsA14,二層ガラス（Lowε1枚、乾燥空気、日射遮蔽型、空気層14mm）,2.2,2,0.29,0.22,2.5,2.3,0.32,0.25,2.9,2.6,0.32,0.25,1.7,1.6,0.4,0.31
2LsA15,二層ガラス（Lowε1枚、乾燥空気、日射遮蔽型、空気層15mm）,2.1,2,0.29,0.22,2.5,2.3,0.32,0.25,2.9,2.6,0.32,0.25,1.6,1.6,0.4,0.31
2LsA16,二層ガラス（Lowε1枚、乾燥空気、日射遮蔽型、空気層16mm）,2.1,2,0.29,0.22,2.5,2.3,0.32,0.25,2.8,2.6,0.32,0.25,1.6,1.5,0.4,0.31
2FA06,二層ガラス（Lowεなし、空気層6mm）,3.2,2.9,0.57,0.41,3.8,3.4,0.63,0.46,4.1,3.7,0.63,0.46,3.3,3,0.79,0.57
2FA07,二層ガラス（Lowεなし、空気層7mm）,3.1,2.8,0.57,0.41,3.7,3.3,0.63,0.46,4,3.6,0.63,0.46,3.2,2.9,0.79,0.57
2FA08,二層ガラス（Lowεなし、空気層8mm）,3,2.8,0.57,0.41,3.6,3.3,0.63,0.46,4,3.5,0.63,0.46,3.1,2.9,0.79,0.57
2FA09,二層ガラス（Lowεなし、空気層9mm）,3,2.8,0.57,0.41,3.5,3.2,0.63,0.46,3.9,3.5,0.63,0.46,3.1,2.8,0.79,0.57
2FA10,二層ガラス（Lowεなし、空気層10mm）,3,2.7,0.57,0.41,3.5,3.2,0.63,0.46,3.8,3.4,0.63,0.46,3,2.8,0.79,0.57
2FA11,二層ガラス（Lowεなし、空気層11mm）,2.9,2.7,0.57,0.41,3.4,3.1,0.63,0.46,3.8,3.4,0.63,0.46,2.9,2.7,0.79,0.57
2FA12,二層ガラス（Lowεなし、空気層12mm）,2.9,2.7,0.57,0.41,3.4,3.1,0.63,0.46,3.8,3.4,0.63,0.46,2.9,2.7,0.79,0.57
2FA13,二層ガラス（Lowεなし、空気層13mm）,2.9,2.6,0.57,0.41,3.4,3.1,0.63,0.46,3.7,3.4,0.63,0.46,2.8,2.6,0.79,0.57
2FA14,二層ガラス（Lowεなし、空気層14mm）,2.8,2.6,0.57,0.41,3.3,3,0.63,0.46,3.7,3.3,0.63,0.46,2.8,2.6,0.79,0.57
2FA15,二層ガラス（Lowεなし、空気層15mm）,2.8,2.6,0.57,0.41,3.3,3,0.63,0.46,3.7,3.3,0.63,0.46,2.8,2.6,0.79,0.57
2FA16,二層ガラス（Lowεなし、空気層16mm）,2.8,2.6,0.57,0.41,3.3,3,0.63,0.46,3.6,3.3,0.63,0.46,2.8,2.5,0.79,0.57
T,単板ガラス,4.7,4.2,0.57,0.41,5.5,4.8,0.7,0.5,6.1,5.3,0.7,0.5,6,5.2,0.88,0.62
